plot,group,subtype,association,size_m2,altitude,date,lat,lon
361,aquatic,Channel,Potamogetono pectinati-Ceratophylletum demersi,25,0 m,24.07.2004,36.33218333333333,33.93706666666667
347,aquatic,Channel,Potamogetono pectinati-Ceratophylletum demersi,25,0 m,23.07.2004,36.33893333333333,34.075966666666666
652,aquatic,Channel,Potamogetono pectinati-Ceratophylletum demersi,50,0 m,17.05.2005,36.33925,33.968383333333335
274,aquatic,Channel,Potamogetono pectinati-Ceratophylletum demersi,50,0 m,20.07.2004,36.39423333333333,34.05271666666667
348,aquatic,Channel,Potamogetono pectinati-Ceratophylletum demersi,50,0 m,23.07.2004,36.338966666666664,34.076
270,aquatic,Channel,Ludwigio stoloniferae-Nasturtietum officinalis,50,0 m,20.07.2004,36.394333333333336,34.053266666666666
278,aquatic,Channel,Ludwigio stoloniferae-Nasturtietum officinalis,100,0 m,20.07.2004,36.39726666666667,34.066116666666666
271,aquatic,Channel,Ludwigio stoloniferae-Nasturtietum officinalis,50,0 m,20.07.2004,36.39416666666666,34.052366666666664
317,aquatic,Channel,Ludwigio stoloniferae-Nasturtietum officinalis,100,0 m,22.07.2004,36.376666666666665,34.04295
273,aquatic,Channel,Ludwigio stoloniferae-Nasturtietum officinalis,50,0 m,20.07.2004,36.3943,34.0534
279,aquatic,Channel,Ludwigio stoloniferae-Nasturtietum officinalis,100,0 m,20.07.2004,36.3973,34.066833333333335
584,aquatic,Lake,Ruppio cirrhosae-Schoenoplectetum litoralis,25,0 m,15.05.2005,36.31068333333333,34.0615
686,aquatic,Lake,Ruppio cirrhosae-Schoenoplectetum litoralis,25,0 m,19.05.2005,36.2995,33.937533333333334
623,aquatic,Lake,Ruppio cirrhosae-Schoenoplectetum litoralis,25,0 m,16.05.2005,36.310916666666664,33.97411666666667
659,aquatic,Lake,Ruppio cirrhosae-Schoenoplectetum litoralis,100,0 m,18.05.2005,36.29966666666667,34.0448
531,aquatic,Lake,Ruppio cirrhosae-Schoenoplectetum litoralis,50,0 m,13.05.2005,36.32483333333333,34.0733
688,aquatic,Lake,Ruppio cirrhosae-Schoenoplectetum litoralis,100,0 m,19.05.2005,36.288583333333335,33.94793333333333
678,aquatic,Lake,Ruppio cirrhosae-Schoenoplectetum litoralis,25,0 m,19.05.2005,36.2984,33.965466666666664
523,aquatic,Lake,Ruppio cirrhosae-Schoenoplectetum litoralis,100,0 m,13.05.2005,36.33016666666666,34.075583333333334
680,aquatic,Lake,Ruppio cirrhosae-Schoenoplectetum litoralis,25,0 m,19.05.2005,36.298383333333334,33.97411666666667
649,aquatic,River and lake edges,Bolboschoeno maritimi var. cymos-Phragmitetum australis,36,0 m,17.05.2005,36.33445,33.95085
685,aquatic,River and lake edges,Bolboschoeno maritimi var. cymos-Phragmitetum australis,36,0 m,19.05.2005,36.30733333333333,33.948366666666665
681,aquatic,River and lake edges,Bolboschoeno maritimi var. cymos-Phragmitetum australis,36,0 m,19.05.2005,36.2993,33.97675
679,aquatic,River and lake edges,Bolboschoeno maritimi var. cymos-Phragmitetum australis,36,0 m,19.05.2005,36.29853333333333,33.9692
372,aquatic,River and lake edges,Bolboschoeno maritimi var. cymos-Phragmitetum australis,36,0 m,24.07.2004,36.28286666666666,33.95275
684,aquatic,River and lake edges,Bolboschoeno maritimi var. cymos-Phragmitetum australis,36,0 m,19.05.2005,36.30343333333333,33.9623
529,aquatic,River and lake edges,Bolboschoeno maritimi var. cymos-Phragmitetum australis,36,10 cm,13.05.2005,36.32568333333333,34.074616666666664
578,aquatic,River and lake edges,Bolboschoeno maritimi var. cymos-Phragmitetum australis,64,0 m,15.05.2005,36.3093,34.060583333333334
57,aquatic,River and lake edges,Bolboschoeno maritimi var. cymos-Phragmitetum australis,36,30 m,10.06.2004,36.297583333333336,33.927733333333336
657,aquatic,River and lake edges,Bolboschoeno maritimi var. cymos-Phragmitetum australis,64,0 m,18.05.2005,36.30165,34.04528333333333
648,aquatic,River and lake edges,Bolboschoeno maritimi var. cymos-Phragmitetum australis,36,0 m,17.05.2005,36.31843333333333,33.946733333333334
539,aquatic,River and lake edges,Bolboschoeno maritimi var. cymos-Phragmitetum australis,36,10 cm,13.05.2005,36.32221666666667,34.07281666666667
64,aquatic,River and lake edges,Bolboschoeno maritimi var. cymos-Phragmitetum australis,36,0 m,11.06.2004,36.29703333333333,33.927533333333336
607,aquatic,River and lake edges,Bolboschoeno maritimi var. cymos-Phragmitetum australis,64,0 m,16.05.2005,36.31446666666667,33.95438333333333
350,aquatic,River and lake edges,Bolboschoeno maritimi var. cymos-Phragmitetum australis,36,0 m,23.07.2004,36.33833333333333,34.07565
677,aquatic,River and lake edges,Bolboschoeno maritimi var. cymos-Phragmitetum australis,36,0 m,19.05.2005,36.29,33.967
344,aquatic,River and lake edges,Bolboschoeno maritimi var. cymos-Phragmitetum australis,64,0 m,23.07.2004,36.33786666666666,34.07425
40,aquatic,River and lake edges,Bolboschoeno maritimi var. cymos-Phragmitetum australis,36,0 m,22.05.2004,36.298433333333335,33.92701666666667
609,aquatic,River and lake edges,Bolboschoeno maritimi var. cymos-Phragmitetum australis,36,0 m,16.05.2005,36.31433333333333,33.956783333333334
180,dune,Moving coastal dune,Cakilo maritimae-Zygophylletum albi,16,0 m,14.07.2004,36.289233333333335,33.936483333333335
168,dune,Moving coastal dune,Cakilo maritimae-Zygophylletum albi,16,0 m,13.07.2004,36.28738333333333,33.93725
166,dune,Moving coastal dune,Cakilo maritimae-Zygophylletum albi,16,0 m,13.07.2004,36.28446666666667,33.94178333333333
507,dune,Moving coastal dune,Cakilo maritimae-Zygophylletum albi,16,40-50 cm,29.04.2005,36.301566666666666,34.02251666666667
188,dune,Moving coastal dune,Cypero mucronati-Agropyretum juncei,25,0-20 cm,15.07.2004,36.27815,33.94448333333333
194,dune,Moving coastal dune,Cypero mucronati-Agropyretum juncei,25,0 m,15.07.2004,36.271366666666665,33.955666666666666
221,dune,Moving coastal dune,Cypero mucronati-Agropyretum juncei,25,30 cm,16.07.2004,36.26401666666667,33.97128333333333
219,dune,Moving coastal dune,Cypero mucronati-Agropyretum juncei,25,30 cm,16.07.2004,36.26283333333333,33.973733333333335
218,dune,Moving coastal dune,Cypero mucronati-Agropyretum juncei,25,60 cm,16.07.2004,36.26286666666667,33.973816666666664
223,dune,Moving coastal dune,Cypero mucronati-Agropyretum juncei,25,20 cm,16.07.2004,36.26311666666667,33.97468333333333
198,dune,Moving coastal dune,Cypero mucronati-Agropyretum juncei,25,20 cm,15.07.2004,36.27506666666667,33.95425
190,dune,Moving coastal dune,Cypero mucronati-Agropyretum juncei,25,30 cm,15.07.2004,36.274316666666664,33.947583333333334
222,dune,Moving coastal dune,Cypero mucronati-Agropyretum juncei,25,20 cm,16.07.2004,36.26316666666666,33.97423333333333
189,dune,Moving coastal dune,Cypero mucronati-Agropyretum juncei,25,0-20 cm,15.07.2004,36.27738333333333,33.944916666666664
220,dune,Moving coastal dune,Cypero mucronati-Agropyretum juncei,25,50 cm,16.07.2004,36.263783333333336,33.97253333333333
191,dune,Moving coastal dune,Cypero mucronati-Agropyretum juncei,25,50 cm,15.07.2004,36.27386666666666,33.94773333333333
303,dune,Moving coastal dune,Eryngio maritimi-Pancratietum maritimi,25,50 cm,21.07.2004,36.3619,34.07771666666667
299,dune,Moving coastal dune,Eryngio maritimi-Pancratietum maritimi,25,30 cm,21.07.2004,36.35928333333333,34.0779
184,dune,Moving coastal dune,Eryngio maritimi-Pancratietum maritimi,25,20 cm,14.07.2004,36.28253333333333,33.9422
302,dune,Moving coastal dune,Eryngio maritimi-Pancratietum maritimi,25,30 cm,21.07.2004,36.36151666666667,34.07776666666667
563,dune,Moving coastal dune,Eryngio maritimi-Pancratietum maritimi,25,70 cm,14.05.2005,36.30198333333333,34.05311666666667
187,dune,Moving coastal dune,Eryngio maritimi-Pancratietum maritimi,25,0-20 cm,15.07.2004,36.278333333333336,33.94513333333333
300,dune,Moving coastal dune,Eryngio maritimi-Pancratietum maritimi,25,30 cm,21.07.2004,36.35958333333333,34.077983333333336
565,dune,Moving coastal dune,Eryngio maritimi-Pancratietum maritimi,25,30 cm,14.05.2005,36.30325,34.0542
505,dune,Moving coastal dune,Ambrosio maritimae-Pancratietum maritimi,25,1 m,29.04.2005,36.30191666666666,34.02191666666667
570,dune,Moving coastal dune,Ambrosio maritimae-Pancratietum maritimi,25,60 cm,14.05.2005,36.30603333333333,34.05485
510,dune,Moving coastal dune,Ambrosio maritimae-Pancratietum maritimi,25,1 m,29.04.2005,36.30233333333334,34.02583333333333
514,dune,Moving coastal dune,Ambrosio maritimae-Pancratietum maritimi,25,60 cm,29.04.2005,36.30325,34.02741666666667
577,dune,Moving coastal dune,Ambrosio maritimae-Pancratietum maritimi,25,30 cm,15.05.2005,36.30871666666667,34.060633333333335
484,dune,Moving coastal dune,Ambrosio maritimae-Pancratietum maritimi,25,80 cm,28.04.2005,36.30165,34.0209
516,dune,Moving coastal dune,Ambrosio maritimae-Pancratietum maritimi,25,1 m,29.04.2005,36.302533333333336,34.02798333333333
562,dune,Fixed or semi-shifting dune,Cypero capitati-Trachomitetum veneti,25,20 cm,14.05.2005,36.302483333333335,34.05225
286,dune,Fixed or semi-shifting dune,Cypero capitati-Trachomitetum veneti,25,0 m,20.07.2004,36.372233333333334,34.0773
12,dune,Fixed or semi-shifting dune,Cypero capitati-Trachomitetum veneti,16,0 m,20.05.2004,36.30081666666667,33.923316666666665
306,dune,Fixed or semi-shifting dune,Cypero capitati-Trachomitetum veneti,16,1 m,21.07.2004,36.36405,34.077333333333335
307,dune,Fixed or semi-shifting dune,Cypero capitati-Trachomitetum veneti,25,50 cm,21.07.2004,36.36643333333333,34.07726666666667
287,dune,Fixed or semi-shifting dune,Cypero capitati-Trachomitetum veneti,16,0 m,20.07.2004,36.372816666666665,34.07723333333333
304,dune,Fixed or semi-shifting dune,Cypero capitati-Trachomitetum veneti,16,80 cm,21.07.2004,36.3632,34.077533333333335
305,dune,Fixed or semi-shifting dune,Cypero capitati-Trachomitetum veneti,16,1 m,21.07.2004,36.363933333333335,34.077416666666664
481,dune,Fixed or semi-shifting dune,Echio angustifolii-Ononidetum natrix,16,1 m,28.04.2005,36.3016,34.020466666666664
386,dune,Fixed or semi-shifting dune,Echio angustifolii-Ononidetum natrix,25,50 cm,23.04.2005,36.28158333333333,33.9548
441,dune,Fixed or semi-shifting dune,Echio angustifolii-Ononidetum natrix,16,0 m,25.04.2005,36.28431666666667,33.97891666666666
385,dune,Fixed or semi-shifting dune,Echio angustifolii-Ononidetum natrix,16,50 cm,23.04.2005,36.28265,33.95418333333333
24,dune,Fixed or semi-shifting dune,Echio angustifolii-Ononidetum natrix,25,80 cm,21.05.2004,36.301116666666665,33.89155
208,dune,Fixed or semi-shifting dune,Echio angustifolii-Ononidetum natrix,16,60 cm,15.07.2004,36.27715,33.953516666666665
211,dune,Fixed or semi-shifting dune,Echio angustifolii-Ononidetum natrix,16,60 cm,15.07.2004,36.2748,33.959666666666664
308,dune,Fixed or semi-shifting dune,Echio angustifolii-Ononidetum natrix,16,1 m,21.07.2004,36.36695,34.07631666666666
558,dune,Fixed or semi-shifting dune,Echio angustifolii-Ononidetum natrix,16,40 cm,14.05.2005,36.30235,34.05153333333333
312,dune,Fixed or semi-shifting dune,Echio angustifolii-Ononidetum natrix,16,1 m,21.07.2004,36.36598333333333,34.07416666666666
282,dune,Fixed or semi-shifting dune,Echio angustifolii-Ononidetum natrix,16,1.5 m,20.07.2004,36.37218333333333,34.07445
284,dune,Fixed or semi-shifting dune,Echio angustifolii-Ononidetum natrix,16,2 m,20.07.2004,36.37198333333333,34.07553333333333
203,dune,Fixed or semi-shifting dune,Echio angustifolii-Ononidetum natrix,16,70 cm,15.07.2004,36.27805,33.95343333333334
405,dune,Fixed or semi-shifting dune,Parapholido incurvae-Thymelaeetum hirsutae,16,40 cm,24.04.2005,36.281983333333336,33.97573333333333
165,dune,Fixed or semi-shifting dune,Parapholido incurvae-Thymelaeetum hirsutae,16,30 cm,13.07.2004,36.281666666666666,33.94428333333333
404,dune,Fixed or semi-shifting dune,Parapholido incurvae-Thymelaeetum hirsutae,16,40 cm,24.04.2005,36.28185,33.975566666666666
167,dune,Fixed or semi-shifting dune,Parapholido incurvae-Thymelaeetum hirsutae,25,80 cm,13.07.2004,36.28713333333334,33.938633333333335
482,dune,Fixed or semi-shifting dune,Parapholido incurvae-Thymelaeetum hirsutae,25,70 cm,28.04.2005,36.3016,34.02021666666667
181,dune,Fixed or semi-shifting dune,Parapholido incurvae-Thymelaeetum hirsutae,25,30 cm,14.07.2004,36.285,33.93495
107,dune,Fixed or semi-shifting dune,Parapholido incurvae-Thymelaeetum hirsutae,16,0 m,15.06.2004,36.2915,33.934133333333335
69,dune,Dune scrub,Sorgho halepense-Myrtetum communis,36,50 cm,11.06.2004,36.29561666666667,33.93395
87,dune,Dune scrub,Sorgho halepense-Myrtetum communis,36,2 m,13.06.2004,36.2937,33.932766666666666
148,dune,Dune scrub,Sorgho halepense-Myrtetum communis,36,50 cm,12.07.2004,36.2842,33.94636666666667
44,dune,Dune scrub,Sorgho halepense-Myrtetum communis,36,3 m,22.05.2004,36.297983333333335,33.92758333333333
70,dune,Dune scrub,Sorgho halepense-Myrtetum communis,16,0 m,11.06.2004,36.295833333333334,33.933616666666666
98,dune,Dune scrub,Sorgho halepense-Myrtetum communis,16,80 cm,13.06.2004,36.293533333333336,33.93333333333333
113,dune,Dune scrub,Sorgho halepense-Myrtetum communis,16,1 m,15.06.2004,36.29291666666666,33.9367
48,dune,Dune scrub,Polygono equisetiformis-Viticetum agni-casti,16,0 m,29.05.2004,36.29821666666667,33.9253
43,dune,Dune scrub,Polygono equisetiformis-Viticetum agni-casti,16,1.5 m,22.05.2004,36.298,33.92746666666667
68,dune,Dune scrub,Polygono equisetiformis-Viticetum agni-casti,25,0 m,11.06.2004,36.29675,33.92796666666667
201,dune,Dune scrub,Polygono equisetiformis-Viticetum agni-casti,25,8 m,15.07.2004,36.277633333333334,33.953583333333334
147,dune,Dune scrub,Polygono equisetiformis-Viticetum agni-casti,25,1 m,12.07.2004,36.2848,33.94605
92,dune,Dune scrub,Ephedro campylopodae-Populetum euphraticae,50,1 m,13.06.2004,36.29473333333333,33.93411666666667
309,dune,Dune scrub,Ephedro campylopodae-Populetum euphraticae,50,2 m,21.07.2004,36.3666,34.075833333333335
136,dune,Dune scrub,Ephedro campylopodae-Populetum euphraticae,25,30 cm,16.06.2004,36.28916666666667,33.93958333333333
163,dune,Dune scrub,Ephedro campylopodae-Populetum euphraticae,25,50 cm,13.07.2004,36.28046666666667,33.952083333333334
91,dune,Dune scrub,Ephedro campylopodae-Populetum euphraticae,25,1 m,13.06.2004,36.29505,33.93358333333333
311,dune,Dune scrub,Ephedro campylopodae-Populetum euphraticae,50,7.5 m,21.07.2004,36.3663,34.0747
140,dune,Dune scrub,Ephedro campylopodae-Populetum euphraticae,50,3 m,17.06.2004,36.28868333333333,33.9428
310,dune,Dune scrub,Ephedro campylopodae-Populetum euphraticae,50,8 m,21.07.2004,36.36633333333333,34.07533333333333
313,dune,Dune scrub,Ephedro campylopodae-Populetum euphraticae,50,1.5 m,21.07.2004,36.36565,34.07541666666667
406,dune,Damaged dune,Urgino maritimi-Asphodeletum aestivi,25,10 cm,24.04.2005,36.28188333333333,33.9749
402,dune,Damaged dune,Urgino maritimi-Asphodeletum aestivi,16,30 cm,24.04.2005,36.28176666666667,33.974866666666664
401,dune,Damaged dune,Urgino maritimi-Asphodeletum aestivi,16,30 cm,24.04.2005,36.281733333333335,33.97496666666667
486,dune,Damaged dune,Verbasco sinuati-Sarcopoterietum spinosi,25,50 cm,28.04.2005,36.30225,34.02145
75,dune,Damaged dune,Verbasco sinuati-Sarcopoterietum spinosi,16,80 cm,12.06.2004,36.297066666666666,33.928666666666665
106,dune,Damaged dune,Verbasco sinuati-Sarcopoterietum spinosi,16,80 cm,15.06.2004,36.2924,33.93461666666666
54,dune,Damaged dune,Verbasco sinuati-Sarcopoterietum spinosi,16,0 m,20.05.2004,36.297666666666665,33.926883333333336
38,dune,Damaged dune,Verbasco sinuati-Sarcopoterietum spinosi,16,1 m,22.05.2004,36.299566666666664,33.92633333333333
50,dune,Damaged dune,Verbasco sinuati-Sarcopoterietum spinosi,16,50 cm,29.05.2004,36.29833333333333,33.9256
197,dune,Damaged dune,Verbasco sinuati-Sarcopoterietum spinosi,25,0 m,15.07.2004,36.274683333333336,33.957166666666666
96,dune,Damaged dune,Verbasco sinuati-Sarcopoterietum spinosi,16,1 m,13.06.2004,36.293816666666665,33.933566666666664
84,dune,Damaged dune,Verbasco sinuati-Sarcopoterietum spinosi,25,0 m,13.06.2004,36.294716666666666,33.93103333333333
123,dune,Damaged dune,Verbasco sinuati-Sarcopoterietum spinosi,16,1 m,16.06.2004,36.291916666666665,33.93666666666667
102,halophytic,Swamp,Limonio gmelinii-Aeluropetum littoralis,9,0 m,14.06.2004,36.29375,33.93553333333333
146,halophytic,Swamp,Limonio gmelinii-Aeluropetum littoralis,9,0 m,17.06.2004,36.28743333333333,33.94215
121,halophytic,Swamp,Limonio gmelinii-Aeluropetum littoralis,9,0 m,16.06.2004,36.29233333333333,33.93795
145,halophytic,Swamp,Limonio gmelinii-Aeluropetum littoralis,9,0 m,17.06.2004,36.28681666666667,33.94273333333334
446,halophytic,Swamp,Limonio angustifolii-Halimionetum portulacoides,25,10 cm,26.04.2005,36.285583333333335,33.9631
423,halophytic,Swamp,Limonio angustifolii-Halimionetum portulacoides,25,5 cm,25.04.2005,36.283233333333335,33.9747
246,halophytic,Swamp,Limonio angustifolii-Halimionetum portulacoides,16,0 m,17.07.2004,36.285016666666664,33.959383333333335
501,halophytic,Swamp,Limonio angustifolii-Halimionetum portulacoides,16,0 m,28.04.2005,36.31105,34.0283
411,halophytic,Swamp,Limonio angustifolii-Halimionetum portulacoides,16,10 cm,24.04.2005,36.282,33.97538333333333
502,halophytic,Swamp,Limonio angustifolii-Halimionetum portulacoides,25,0 m,28.04.2005,36.31121666666667,34.02878333333334
250,halophytic,Swamp,Limonio angustifolii-Halimionetum portulacoides,25,0 m,17.07.2004,36.285983333333334,33.96361666666667
503,halophytic,Swamp,Limonio angustifolii-Halimionetum portulacoides,16,0 m,28.04.2005,36.31125,34.02891666666667
444,halophytic,Swamp,Limonio angustifolii-Halimionetum portulacoides,25,10 m,25.04.2005,36.28511666666667,33.97826666666667
254,halophytic,Swamp,Limonio angustifolii-Halimionetum portulacoides,16,0 m,19.07.2004,36.27738333333333,33.97461666666667
447,halophytic,Swamp,Limonio angustifolii-Halimionetum portulacoides,16,10 cm,26.04.2005,36.285783333333335,33.9635
255,halophytic,Swamp,Limonio angustifolii-Halimionetum portulacoides,25,0 m,19.07.2004,36.31138333333333,33.9746
267,halophytic,Swamp,Limonio angustifolii-Halimionetum portulacoides,16,0 m,19.07.2004,36.29595,33.97875
438,halophytic,Swamp,Limonio angustifolii-Halimionetum portulacoides,25,0 m,25.04.2005,36.284166666666664,33.977833333333336
259,halophytic,Swamp,Limonio angustifolii-Halimionetum portulacoides,16,0 m,19.07.2004,36.282916666666665,33.99111666666667
696,halophytic,Swamp,Limonio angustifolii-Halimionetum portulacoides,25,20 cm,20.05.2005,36.30805,34.04188333333333
420,halophytic,Swamp,Limonio angustifolii-Halimionetum portulacoides,25,0 m,24.04.2005,36.28261666666667,33.97441666666667
695,halophytic,Swamp,Limonio angustifolii-Halimionetum portulacoides,25,20 cm,20.05.2005,36.30753333333333,34.04265
384,halophytic,Swamp,Asterisco aquaticae-Plantaginetum coronopi,16,40 cm,23.04.2005,36.28268333333333,33.953783333333334
414,halophytic,Swamp,Asterisco aquaticae-Plantaginetum coronopi,16,10 cm,24.04.2005,36.28235,33.975966666666665
450,halophytic,Swamp,Asterisco aquaticae-Plantaginetum coronopi,25,10 cm,26.04.2005,36.28685,33.9661
382,halophytic,Swamp,Asterisco aquaticae-Plantaginetum coronopi,16,60 cm,23.04.2005,36.28223333333333,33.95393333333333
399,halophytic,Swamp,Asterisco aquaticae-Plantaginetum coronopi,16,40 cm,23.04.2005,36.28325,33.95625
421,halophytic,Swamp,Asterisco aquaticae-Plantaginetum coronopi,16,10 cm,25.04.2005,36.28361666666667,33.97448333333333
425,halophytic,Swamp,Asterisco aquaticae-Plantaginetum coronopi,25,10 cm,25.04.2005,36.28371666666666,33.9751
398,halophytic,Swamp,Asterisco aquaticae-Plantaginetum coronopi,16,40 cm,23.04.2005,36.2839,33.95686666666667
426,halophytic,Swamp,Asterisco aquaticae-Plantaginetum coronopi,16,10 cm,25.04.2005,36.283566666666665,33.97476666666667
383,halophytic,Swamp,Asterisco aquaticae-Plantaginetum coronopi,16,40 cm,23.04.2005,36.28248333333333,33.95385
430,halophytic,Swamp,Asterisco aquaticae-Plantaginetum coronopi,25,10 cm,25.04.2005,36.284216666666666,33.976083333333335
437,halophytic,Swamp,Asterisco aquaticae-Plantaginetum coronopi,25,10 cm,25.04.2005,36.28413333333334,33.97763333333333
662,halophytic,Temporary ponds,Polypogono maritimi-Juncetum littoralis,25,10 cm,18.05.2004,36.300133333333335,34.046216666666666
150,halophytic,Temporary ponds,Polypogono maritimi-Juncetum littoralis,16,0 m,12.07.2004,36.284933333333335,33.944516666666665
132,halophytic,Temporary ponds,Polypogono maritimi-Juncetum littoralis,16,0 m,16.06.2004,36.29006666666667,33.93893333333333
10,halophytic,Temporary ponds,Polypogono maritimi-Juncetum littoralis,16,0 m,20.05.2004,36.30035,33.922916666666666
144,halophytic,Temporary ponds,Polypogono maritimi-Juncetum littoralis,16,0 m,17.06.2004,36.28705,33.942766666666664
515,halophytic,Temporary ponds,Polypogono maritimi-Juncetum littoralis,16,0 m,29.04.2005,36.303416666666664,34.02773333333333
288,halophytic,Temporary ponds,Polypogono maritimi-Juncetum littoralis,25,0 m,20.07.2004,36.37296666666667,34.07635
108,halophytic,Temporary ponds,Polypogono maritimi-Juncetum littoralis,16,0 m,15.06.2004,36.29116666666667,33.91785
470,halophytic,Temporary ponds,Polypogono maritimi-Juncetum littoralis,16,10 cm,27.04.2005,36.31333333333333,34.00781666666666
47,halophytic,Temporary ponds,Polypogono maritimi-Juncetum littoralis,16,0 m,22.05.2004,36.298716666666664,33.925916666666666
557,halophytic,Temporary ponds,Phragmiti australis-Juncetum maritimi,16,0 m,14.05.2005,36.30161666666667,34.05128333333333
569,halophytic,Temporary ponds,Phragmiti australis-Juncetum maritimi,36,0 m,14.05.2005,36.3058,34.053916666666666
596,halophytic,Temporary ponds,Phragmiti australis-Juncetum maritimi,36,0 m,15.05.2005,36.31975,34.07245
527,halophytic,Temporary ponds,Phragmiti australis-Juncetum maritimi,16,10 cm,13.05.2005,36.33121666666667,34.07411666666667
663,halophytic,Temporary ponds,Phragmiti australis-Juncetum maritimi,25,0 m,18.05.2005,36.29833333333333,34.045833333333334
622,halophytic,Temporary ponds,Phragmiti australis-Juncetum maritimi,36,0 m,16.05.2005,36.31158333333333,33.974183333333336
588,halophytic,Temporary ponds,Phragmiti australis-Juncetum maritimi,25,0 m,15.05.2005,36.3122,34.06543333333333
580,halophytic,Temporary ponds,Phragmiti australis-Juncetum maritimi,36,0 m,15.05.2005,36.30951666666667,34.06121666666667
550,halophytic,Temporary ponds,Phragmiti australis-Juncetum maritimi,16,10 cm,14.05.2005,36.299566666666664,34.04966666666667
597,halophytic,Temporary ponds,Phragmiti australis-Juncetum maritimi,16,0 m,15.05.2005,36.319583333333334,34.0696
603,halophytic,Temporary ponds,Atriplici hastatae-Juncetum acuti,25,0 m,16.05.2005,36.318266666666666,33.9556
469,halophytic,Temporary ponds,Atriplici hastatae-Juncetum acuti,25,5 cm,27.04.2005,36.313383333333334,34.00725
618,halophytic,Temporary ponds,Atriplici hastatae-Juncetum acuti,16,0 m,16.05.2005,36.317483333333335,33.96755
534,halophytic,Temporary ponds,Atriplici hastatae-Juncetum acuti,16,10 cm,13.05.2005,36.32925,34.070883333333335
504,halophytic,Temporary ponds,Atriplici hastatae-Juncetum acuti,25,0 m,28.04.2005,36.33156666666667,34.004666666666665
468,halophytic,Temporary ponds,Atriplici hastatae-Juncetum acuti,25,10 cm,27.04.2005,36.3137,34.006883333333334
626,halophytic,Temporary ponds,Atriplici hastatae-Juncetum acuti,36,0 m,16.05.2005,36.35393333333333,34.06171666666667
615,halophytic,Temporary ponds,Atriplici hastatae-Juncetum acuti,36,0 m,16.05.2005,36.3162,33.96483333333333
487,halophytic,Temporary ponds,Atriplici hastatae-Juncetum acuti,36,0 m,28.04.2005,36.30195,34.0206
691,halophytic,Temporary ponds,Atriplici hastatae-Juncetum acuti,16,50 cm,20.05.2005,36.30983333333333,34.042766666666665
676,halophytic,Temporary floodplain,Tamaricetum smyrensis,25,0 m,18.05.2005,36.303466666666665,34.0391
538,halophytic,Temporary floodplain,Tamaricetum smyrensis,25,10 cm,13.05.2005,36.322583333333334,34.07175
525,halophytic,Temporary floodplain,Tamaricetum smyrensis,16,45 cm,13.05.2005,36.33016666666666,34.07541666666667
544,halophytic,Temporary floodplain,Tamaricetum smyrensis,16,60 cm,13.05.2005,36.326766666666664,34.0761
520,halophytic,Temporary floodplain,Tamaricetum smyrensis,25,10 cm,13.05.2005,36.32776666666667,34.07306666666667
705,halophytic,Temporary floodplain,Tamaricetum smyrensis,25,0 m,20.05.2005,36.3175,34.03798333333334
25,halophytic,Temporary floodplain,Arthrocnemo fruticosii-Tamaricetum tetragynae,36,0 m,21.05.2004,36.3018,33.925216666666664
340,halophytic,Temporary floodplain,Arthrocnemo fruticosii-Tamaricetum tetragynae,64,0 m,23.07.2004,36.339083333333335,34.0731
633,halophytic,Temporary floodplain,Arthrocnemo fruticosii-Tamaricetum tetragynae,64,20 cm,17.05.2005,36.30201666666667,33.960766666666665
541,halophytic,Temporary floodplain,Arthrocnemo fruticosii-Tamaricetum tetragynae,64,40 cm,13.05.2005,36.32451666666667,34.07541666666667
354,halophytic,Temporary floodplain,Arthrocnemo fruticosii-Tamaricetum tetragynae,64,50 cm,23.07.2004,36.33951666666667,34.07615
646,halophytic,Temporary floodplain,Arthrocnemo fruticosii-Tamaricetum tetragynae,36,0 m,17.05.2005,36.30785,33.957683333333335
298,halophytic,Temporary floodplain,Arthrocnemo fruticosii-Tamaricetum tetragynae,36,0 m,21.07.2004,36.364066666666666,34.07205
264,halophytic,Temporary floodplain,Arthrocnemo fruticosii-Tamaricetum tetragynae,36,0 m,19.07.2004,36.29058333333333,33.97508333333333
364,halophytic,Temporary floodplain,Arthrocnemo fruticosii-Tamaricetum tetragynae,36,0 m,24.07.2004,36.3382,33.93598333333333
328,halophytic,Temporary floodplain,Arthrocnemo fruticosii-Tamaricetum tetragynae,64,20 cm,22.07.2004,36.338116666666664,34.07865
555,halophytic,Temporary floodplain,Arthrocnemo fruticosii-Tamaricetum tetragynae,36,0 m,14.05.2005,36.3011,34.052
330,halophytic,Temporary floodplain,Arthrocnemo fruticosii-Tamaricetum tetragynae,64,0 m,22.07.2004,36.337,34.07751666666667
266,halophytic,Temporary floodplain,Arthrocnemo fruticosii-Tamaricetum tetragynae,36,0 m,19.07.2004,36.294066666666666,33.974716666666666
329,halophytic,Temporary floodplain,Arthrocnemo fruticosii-Tamaricetum tetragynae,64,1 m,22.07.2004,36.33696666666667,34.07853333333333
631,halophytic,Temporary floodplain,Arthrocnemo fruticosii-Tamaricetum tetragynae,64,0 m,17.05.2005,36.30225,33.96236666666667
243,halophytic,Temporary floodplain,Arthrocnemo fruticosii-Tamaricetum tetragynae,64,0 m,17.07.2004,36.28221666666666,33.95916666666667
702,halophytic,Temporary floodplain,Salicornio fragilis-Tamaricetum tetrandrae,100,50 cm,20.05.2005,36.31401666666667,34.03321666666667
654,halophytic,Temporary floodplain,Salicornio fragilis-Tamaricetum tetrandrae,100,0 m,18.05.2005,36.3032,34.04461666666667
608,halophytic,Temporary floodplain,Salicornio fragilis-Tamaricetum tetrandrae,50,30 cm,16.05.2005,36.314483333333335,33.95446666666667
655,halophytic,Temporary floodplain,Salicornio fragilis-Tamaricetum tetrandrae,100,0 m,18.05.2005,36.30218333333333,34.04501666666667
698,halophytic,Temporary floodplain,Salicornio fragilis-Tamaricetum tetrandrae,100,10 cm,20.05.2005,36.30945,34.02498333333333
598,halophytic,Temporary floodplain,Salicornio fragilis-Tamaricetum tetrandrae,50,30 cm,15.05.2005,36.3207,34.07015
703,halophytic,Temporary floodplain,Salicornio fragilis-Tamaricetum tetrandrae,100,20 cm,20.05.2005,36.31453333333333,34.033566666666665
697,halophytic,Temporary floodplain,Salicornio fragilis-Tamaricetum tetrandrae,100,0 m,20.05.2005,36.308733333333336,34.04235
341,halophytic,Temporary floodplain,Salicornio fragilis-Tamaricetum tetrandrae,50,0 m,23.07.2004,36.338633333333334,34.07176666666667
689,halophytic,Temporary floodplain,Salicornio fragilis-Tamaricetum tetrandrae,100,0 m,19.05.2005,36.28778333333333,33.96443333333333
353,halophytic,Temporary floodplain,Salicornio fragilis-Tamaricetum tetrandrae,50,30 cm,23.07.2004,36.3389,34.0763
690,halophytic,Temporary floodplain,Salicornio fragilis-Tamaricetum tetrandrae,50,30 cm,20.05.2005,36.3097,34.04253333333333
66,halophytic,Temporary floodplain,Salicornio fragilis-Tamaricetum tetrandrae,50,0 m,11.06.2004,36.29678333333333,33.92765
658,halophytic,Temporary floodplain,Salicornio fragilis-Tamaricetum tetrandrae,100,0 m,18.05.2005,36.300333333333334,34.044533333333334
154,halophytic,Temporary floodplain,Salicornio fragilis-Tamaricetum tetrandrae,50,30 cm,13.07.2004,36.2829,33.944266666666664
155,halophytic,Temporary floodplain,Salicornio fragilis-Tamaricetum tetrandrae,50,0 m,13.07.2004,36.28418333333333,33.94741666666667
653,halophytic,Temporary floodplain,Salicornio fragilis-Tamaricetum tetrandrae,50,0 m,18.05.2005,36.30385,34.04485
629,halophytic,Temporary floodplain,Salicornio fragilis-Tamaricetum tetrandrae,50,0 m,17.05.2005,36.30105,33.95121666666667
209,halophytic,Temporary floodplain,Schoeno nigricantis-Saccharetum ravennae,25,0 m,15.07.2004,36.27445,33.95418333333333
37,halophytic,Temporary floodplain,Schoeno nigricantis-Saccharetum ravennae,25,0 m,22.05.2004,36.29885,33.92583333333333
314,halophytic,Temporary floodplain,Schoeno nigricantis-Saccharetum ravennae,25,0 m,21.07.2004,36.36515,34.07561666666667
315,halophytic,Temporary floodplain,Schoeno nigricantis-Saccharetum ravennae,25,0 m,21.07.2004,36.364783333333335,34.075116666666666
159,halophytic,Temporary floodplain,Schoeno nigricantis-Saccharetum ravennae,25,0 m,13.07.2004,36.28228333333333,33.9458
202,halophytic,Temporary floodplain,Schoeno nigricantis-Saccharetum ravennae,25,0 m,15.07.2004,36.277766666666665,33.95355
110,halophytic,Temporary floodplain,Eriantho-Schoenotum nigricantis,16,30 cm,15.06.2004,36.291916666666665,33.935233333333336
45,halophytic,Temporary floodplain,Eriantho-Schoenotum nigricantis,16,1 m,22.05.2004,36.297533333333334,33.92668333333334
77,halophytic,Temporary floodplain,Eriantho-Schoenotum nigricantis,25,0 m,12.06.2004,36.297666666666665,33.929066666666664
36,halophytic,Temporary floodplain,Eriantho-Schoenotum nigricantis,16,0 m,22.05.2004,36.29868333333334,33.924883333333334
86,halophytic,Temporary floodplain,Eriantho-Schoenotum nigricantis,25,0 m,13.06.2004,36.2926,33.93236666666667
30,halophytic,Temporary floodplain,Eriantho-Schoenotum nigricantis,16,0 m,21.05.2004,36.29965,33.924483333333335
127,halophytic,Temporary floodplain,Eriantho-Schoenotum nigricantis,16,0 m,16.06.2004,36.29035,33.93588333333334
241,halophytic,Terrestrial saline flats,Salicornio europaeae-Arthrocnemetum fruticosum,16,0 m,17.07.2004,36.284016666666666,33.9586
532,halophytic,Terrestrial saline flats,Salicornio europaeae-Arthrocnemetum fruticosum,36,10 cm,13.05.2005,36.32438333333333,34.07256666666667
242,halophytic,Terrestrial saline flats,Salicornio europaeae-Arthrocnemetum fruticosum,16,0 m,17.07.2004,36.283566666666665,33.958083333333335
638,halophytic,Terrestrial saline flats,Salicornio europaeae-Arthrocnemetum fruticosum,36,0 m,17.05.2005,36.30538333333333,33.96511666666667
642,halophytic,Terrestrial saline flats,Salicornio europaeae-Arthrocnemetum fruticosum,16,40 cm,17.05.2005,36.30985,33.96188333333333
251,halophytic,Terrestrial saline flats,Salicornio europaeae-Arthrocnemetum fruticosum,16,0 m,17.07.2004,36.288833333333336,33.96946666666667
474,halophytic,Terrestrial saline flats,Salicornio europaeae-Arthrocnemetum fruticosum,16,0 m,27.04.2005,36.31823333333333,34.00625
326,halophytic,Terrestrial saline flats,Salicornio europaeae-Arthrocnemetum fruticosum,16,0 m,22.07.2004,36.34118333333333,34.07783333333333
476,halophytic,Terrestrial saline flats,Salicornio europaeae-Arthrocnemetum fruticosum,36,30 cm,27.04.2005,36.318133333333336,34.00671666666667
324,halophytic,Terrestrial saline flats,Salicornio europaeae-Arthrocnemetum fruticosum,36,0 m,22.07.2004,36.344683333333336,34.07788333333333
268,halophytic,Terrestrial saline flats,Salicornio europaeae-Arthrocnemetum fruticosum,16,0 m,19.07.2004,36.29555,33.98005
256,halophytic,Terrestrial saline flats,Salicornio europaeae-Arthrocnemetum fruticosum,16,0 m,19.07.2004,36.27755,33.97565
323,halophytic,Terrestrial saline flats,Salicornio europaeae-Arthrocnemetum fruticosum,36,0 m,22.07.2004,36.3441,34.07751666666667
496,halophytic,Terrestrial saline flats,Salicornio europaeae-Arthrocnemetum fruticosum,16,10 cm,28.04.2005,36.311816666666665,34.01855
252,halophytic,Terrestrial saline flats,Salicornio europaeae-Arthrocnemetum fruticosum,16,0 m,17.07.2004,36.288916666666665,33.96993333333333
213,halophytic,Terrestrial saline flats,Salicornio europaeae-Arthrocnemetum fruticosum,16,0 m,16.07.2004,36.27238333333333,33.963033333333335
245,halophytic,Terrestrial saline flats,Salicornio europaeae-Arthrocnemetum fruticosum,16,0 m,17.07.2004,36.28325,33.95948333333333
620,halophytic,Terrestrial saline flats,Salicornio europaeae-Arthrocnemetum fruticosum,16,0 m,16.05.2005,36.31525,33.97083333333333
214,halophytic,Terrestrial saline flats,Salicornio europaeae-Arthrocnemetum fruticosum,16,20 cm,16.07.2004,36.27296666666667,33.9633
673,halophytic,Terrestrial saline flats,Salicornio europaeae-Arthrocnemetum fruticosum,16,0 m,18.05.2005,36.300533333333334,34.041133333333335
322,halophytic,Terrestrial saline flats,Salicornio europaeae-Arthrocnemetum fruticosum,16,0 m,22.07.2004,36.3452,34.078633333333336
216,halophytic,Terrestrial saline flats,Arthrocnemo-Halocnemetum strobilaceii,25,40 cm,16.07.2004,36.2736,33.96735
261,halophytic,Terrestrial saline flats,Arthrocnemo-Halocnemetum strobilaceii,16,0 m,19.07.2004,36.28681666666667,33.978
248,halophytic,Terrestrial saline flats,Arthrocnemo-Halocnemetum strobilaceii,16,0 m,17.07.2004,36.28426666666667,33.959583333333335
196,halophytic,Terrestrial saline flats,Arthrocnemo-Halocnemetum strobilaceii,16,0 m,15.07.2004,36.27428333333334,33.95706666666667
498,halophytic,Terrestrial saline flats,Arthrocnemo-Halocnemetum strobilaceii,16,0 m,28.04.2005,36.30938333333334,34.0184
262,halophytic,Terrestrial saline flats,Arthrocnemo-Halocnemetum strobilaceii,16,0 m,19.07.2004,36.290816666666665,33.9772
239,halophytic,Terrestrial saline flats,Arthrocnemo-Halocnemetum strobilaceii,16,20 cm,17.07.2004,36.280116666666665,33.95701666666667
260,halophytic,Terrestrial saline flats,Arthrocnemo-Halocnemetum strobilaceii,16,0 m,19.07.2004,36.28738333333333,33.97913333333333
478,halophytic,Terrestrial saline flats,Arthrocnemo-Halocnemetum strobilaceii,25,40 cm,27.04.2005,36.31885,34.00781666666666
672,halophytic,Terrestrial saline flats,Arthrocnemo-Halocnemetum strobilaceii,16,0 m,18.05.2005,36.30015,34.04105
229,halophytic,Terrestrial saline flats,Arthrocnemo-Halocnemetum strobilaceii,16,0 m,16.04.2004,36.27465,33.98518333333333
