sensor,date,cloud_pct,usable_pct
Landsat 5 TM,2003-06-30,7.0,88.9959718470526
Landsat 5 TM,2003-07-16,8.0,89.39299187958105
Landsat 5 TM,2003-08-01,4.0,88.87450207393134
Landsat 5 TM,2003-08-17,2.0,90.2152228903952
Landsat 5 TM,2003-09-02,10.0,73.4893077001782
Landsat 5 TM,2003-09-18,2.0,80.88703306632661
Landsat 5 TM,2003-10-04,9.0,90.95234519236625
Landsat 5 TM,2003-10-20,33.0,11.697399259139031
Landsat 5 TM,2004-02-09,26.0,0.5736125604572383
Landsat 5 TM,2004-02-25,15.0,22.099505938542542
Landsat 5 TM,2004-03-12,24.0,14.134610697293837
Landsat 5 TM,2004-04-13,47.0,0.0
Landsat 5 TM,2004-04-29,3.0,63.680926339113206
Landsat 5 TM,2004-05-15,34.0,71.28014741275113
Landsat 5 TM,2004-05-31,15.0,73.5020116865159
Landsat 5 TM,2004-07-02,1.0,86.44583219135296
Landsat 5 TM,2004-07-18,3.0,87.61832350830609
Landsat 5 TM,2004-08-03,22.0,54.45033429402343
Landsat 5 TM,2004-08-19,9.0,74.02556401001064
Landsat 5 TM,2004-09-04,16.0,78.42297277083522
Landsat 5 TM,2004-09-20,1.0,85.01396604440711
Landsat 5 TM,2004-10-22,31.0,88.80022672527474
Landsat 5 TM,2004-12-09,5.0,90.8087222078719
Landsat 5 TM,2005-01-10,1.0,87.78298194623966
Landsat 5 TM,2005-01-26,24.0,0.5450381000108302
Landsat 5 TM,2005-02-11,11.0,89.57259255576922
Landsat 5 TM,2005-02-27,64.0,92.72970300195068
Landsat 5 TM,2005-03-15,2.0,93.99352442114107
Landsat 5 TM,2005-04-16,25.0,89.07178782257567
Landsat 5 TM,2005-05-02,22.0,86.17617369694482
Landsat 5 TM,2005-06-03,13.0,89.13639912436433
Landsat 5 TM,2005-06-19,15.0,92.57842027278234
Landsat 5 TM,2005-07-21,1.0,94.64957522329097
Landsat 5 TM,2005-09-07,1.0,96.43571121065374
Landsat 5 TM,2005-09-23,18.0,96.21606876498352
Landsat 5 TM,2005-11-10,0.0,79.92890538550635
Landsat 5 TM,2006-02-14,55.0,0.0
Landsat 5 TM,2006-04-03,1.0,84.07141401819356
Landsat 5 TM,2006-05-21,17.0,83.52852459282872
Landsat 5 TM,2006-07-08,7.0,89.94231063167791
Landsat 5 TM,2006-07-24,16.0,88.26607638068472
Landsat 5 TM,2006-08-09,16.0,89.17858286958541
Landsat 5 TM,2006-08-25,16.0,91.93628778798714
Landsat 5 TM,2006-09-10,2.0,92.95817231069324
Landsat 5 TM,2006-09-26,6.0,95.19035486891192
Landsat 5 TM,2006-10-12,12.0,80.85962902470949
Landsat 5 TM,2006-10-28,43.0,25.703863470743737
Landsat 5 TM,2006-11-13,20.0,0.0
Landsat 5 TM,2006-11-29,0.0,96.08331902176732
Landsat 5 TM,2007-02-17,39.0,0.0
Landsat 5 TM,2007-05-08,21.0,78.44506243493913
Landsat 5 TM,2007-05-24,2.0,97.57312253882586
Landsat 5 TM,2007-06-09,22.0,96.70563580701888
Landsat 5 TM,2007-06-25,0.0,94.11429023889565
Landsat 5 TM,2007-07-11,7.0,92.1868559912636
Landsat 5 TM,2007-07-27,2.0,91.35433470191879
Landsat 5 TM,2007-08-12,18.0,91.70433796747824
Landsat 5 TM,2007-08-28,6.0,91.4263131701307
Landsat 5 TM,2007-09-13,14.0,94.60612909839898
Landsat 5 TM,2007-09-29,4.0,94.91466627719402
Landsat 5 TM,2003-07-07,2.0,87.25795655743363
Landsat 5 TM,2003-07-23,0.0,99.99718792849383
Landsat 5 TM,2003-08-08,2.0,97.81037461400481
Landsat 5 TM,2003-09-09,1.0,99.99578189274074
Landsat 5 TM,2003-09-25,1.0,98.45399476615992
Landsat 5 TM,2003-10-11,1.0,99.98975602522752
Landsat 5 TM,2004-01-15,66.0,5.452272667748105
Landsat 5 TM,2004-01-31,77.0,0.11509643258797136
Landsat 5 TM,2004-02-16,52.0,6.505771540457952
Landsat 5 TM,2004-03-03,86.0,2.816180911508983
Landsat 5 TM,2004-03-19,6.0,99.99959827549911
Landsat 5 TM,2004-04-20,27.0,76.35530562865269
Landsat 5 TM,2004-05-06,38.0,84.40433964861302
Landsat 5 TM,2004-05-22,3.0,93.60304381140473
Landsat 5 TM,2004-06-07,2.0,98.08625221957709
Landsat 5 TM,2004-07-09,2.0,96.99224061249598
Landsat 5 TM,2004-07-25,10.0,63.977860253830684
Landsat 5 TM,2004-08-26,0.0,99.99819223974603
Landsat 5 TM,2004-09-11,7.0,99.61916517316394
Landsat 5 TM,2004-10-29,80.0,4.842743171815844
Landsat 5 TM,2004-11-30,2.0,99.6318951136713
Landsat 5 TM,2004-12-16,16.0,57.994279364337984
Landsat 5 TM,2005-01-01,64.0,0.0
Landsat 5 TM,2005-03-06,100.0,0.0
Landsat 5 TM,2005-03-22,17.0,80.16586495715815
Landsat 5 TM,2005-04-23,66.0,70.58429292647837
Landsat 5 TM,2005-06-10,10.0,44.04215822943514
Landsat 5 TM,2005-07-12,2.0,69.02484016189489
Landsat 5 TM,2005-08-13,0.0,99.99437585698765
Landsat 5 TM,2005-09-14,0.0,99.99638447949206
Landsat 5 TM,2005-11-01,65.0,5.845955589356487
Landsat 5 TM,2005-11-17,24.0,39.89928294145867
Landsat 5 TM,2006-02-05,32.0,69.88217381004395
Landsat 5 TM,2006-02-21,9.0,99.98888404675206
Landsat 5 TM,2006-03-09,80.0,0.0
Landsat 5 TM,2006-04-26,0.0,99.09451297501214
Landsat 5 TM,2006-05-12,1.0,99.9081059142708
Landsat 5 TM,2006-05-28,10.0,88.04374937353612
Landsat 5 TM,2006-07-15,6.0,66.05055072687527
Landsat 5 TM,2006-07-31,3.0,99.03425193679455
Landsat 5 TM,2006-08-16,2.0,92.21221214913349
Landsat 5 TM,2006-09-01,10.0,97.53528470353223
Landsat 5 TM,2006-09-17,0.0,99.99939741324869
Landsat 5 TM,2006-10-03,1.0,99.99578189274074
Landsat 5 TM,2006-10-19,18.0,99.97883384497412
Landsat 5 TM,2006-11-20,10.0,99.04911889410758
Landsat 5 TM,2006-12-06,1.0,99.48003537538693
Landsat 5 TM,2006-12-22,58.0,32.791651692254945
Landsat 5 TM,2007-01-07,42.0,41.07939277372494
Landsat 5 TM,2007-02-08,22.0,56.10161896943081
Landsat 5 TM,2007-02-24,7.0,99.11379575105447
Landsat 5 TM,2007-04-29,29.0,20.7876375980264
Landsat 5 TM,2007-05-15,48.0,95.14092397029084
Landsat 5 TM,2007-05-31,14.0,69.92886758786267
Landsat 5 TM,2007-06-16,7.0,78.06900248458716
Landsat 5 TM,2007-07-02,5.0,99.99096119873016
Landsat 5 TM,2007-07-18,0.0,99.98935430072663
Landsat 5 TM,2007-08-03,2.0,99.67078677152728
Landsat 5 TM,2007-08-19,3.0,81.49012220498693
Landsat 5 TM,2007-09-04,3.0,90.8641901401447
Landsat 7 ETM+,2003-01-13,89.0,0.0
Landsat 7 ETM+,2003-01-29,44.0,100.0
Landsat 7 ETM+,2003-02-14,43.0,99.97562524725737
Landsat 7 ETM+,2003-03-18,88.0,0.0
Landsat 7 ETM+,2003-04-03,65.0,99.97828641690563
Landsat 7 ETM+,2003-04-19,31.0,99.98864207986719
Landsat 7 ETM+,2003-05-05,0.0,99.97528670406096
Landsat 7 ETM+,2003-09-26,16.0,99.98206435226005
Landsat 7 ETM+,2003-10-12,12.0,52.816992734365954
Landsat 7 ETM+,2003-11-13,6.0,99.88993389792714
Landsat 7 ETM+,2003-11-29,7.0,99.94732692197832
Landsat 7 ETM+,2003-12-31,37.0,0.21091664352769915
Landsat 7 ETM+,2004-03-20,0.0,99.99601694003213
Landsat 7 ETM+,2004-04-05,0.0,99.992707763538
Landsat 7 ETM+,2004-05-07,2.0,99.94417658554163
Landsat 7 ETM+,2004-05-23,8.0,99.82006975565596
Landsat 7 ETM+,2004-08-27,5.0,100.0
Landsat 7 ETM+,2004-09-12,0.0,99.97741292283156
Landsat 7 ETM+,2004-10-30,8.0,100.0
Landsat 7 ETM+,2004-12-01,20.0,66.56189110777805
Landsat 7 ETM+,2004-12-17,0.0,99.1905954286028
Landsat 7 ETM+,2005-03-23,8.0,100.0
Landsat 7 ETM+,2005-04-24,8.0,100.0
Landsat 7 ETM+,2005-05-10,27.0,99.99771918131336
Landsat 7 ETM+,2005-05-26,18.0,0.1774407832734341
Landsat 7 ETM+,2005-06-11,13.0,99.98413479904286
Landsat 7 ETM+,2005-06-27,1.0,100.0
Landsat 7 ETM+,2005-07-13,16.0,92.95179198286831
Landsat 7 ETM+,2005-07-29,12.0,98.60391200682645
Landsat 7 ETM+,2005-08-14,4.0,99.76629096909129
Landsat 7 ETM+,2005-08-30,2.0,99.99654717172743
Landsat 7 ETM+,2005-09-15,7.0,99.97351770319905
Landsat 7 ETM+,2005-10-17,8.0,99.96761270461272
Landsat 7 ETM+,2005-12-04,0.0,99.87458050046479
Landsat 7 ETM+,2006-01-21,2.0,99.8911276549988
Landsat 7 ETM+,2006-02-22,0.0,99.98631827724576
Landsat 7 ETM+,2006-03-10,27.0,99.9716406035936
Landsat 7 ETM+,2006-04-11,11.0,99.69674852345585
Landsat 7 ETM+,2006-04-27,2.0,99.92478024402541
Landsat 7 ETM+,2006-05-13,27.0,1.2756457565756112
Landsat 7 ETM+,2006-05-29,2.0,99.93329403943393
Landsat 7 ETM+,2006-08-01,12.0,99.00742938680884
Landsat 7 ETM+,2006-08-17,27.0,96.5005970551384
Landsat 7 ETM+,2006-09-18,0.0,99.61617359587848
Landsat 7 ETM+,2006-12-07,1.0,99.66934503876357
Landsat 7 ETM+,2006-12-23,1.0,99.52531700146419
Landsat 7 ETM+,2007-01-08,4.0,99.88276506922338
Landsat 7 ETM+,2007-03-29,9.0,100.0
Landsat 7 ETM+,2007-04-14,60.0,99.9684553662534
Landsat 7 ETM+,2007-04-30,9.0,99.97611307601444
Landsat 7 ETM+,2007-06-01,19.0,99.75209075693189
Landsat 7 ETM+,2007-08-20,12.0,100.0
Landsat 7 ETM+,2007-09-05,9.0,98.99108947708835
Landsat 7 ETM+,2007-10-07,16.0,100.0
Landsat 7 ETM+,2007-10-23,6.0,99.89747854168921
Landsat 7 ETM+,2007-12-26,10.0,92.16111456148415
Landsat 7 ETM+,2003-01-04,59.0,0.010645699273371065
Landsat 7 ETM+,2003-02-05,90.0,0.0
Landsat 7 ETM+,2003-02-21,95.0,0.0
Landsat 7 ETM+,2003-03-09,43.0,0.5196810543771572
Landsat 7 ETM+,2003-04-10,3.0,99.48157453161187
Landsat 7 ETM+,2003-04-26,49.0,99.99959827549911
Landsat 7 ETM+,2003-05-12,4.0,99.86140504719575
Landsat 7 ETM+,2003-05-28,52.0,7.449161665951576
Landsat 7 ETM+,2003-09-01,1.0,84.61840506372995
Landsat 7 ETM+,2003-11-20,1.0,99.88721902384718
Landsat 7 ETM+,2003-12-06,8.0,99.57928526938076
Landsat 7 ETM+,2003-12-22,98.0,0.0
Landsat 7 ETM+,2004-02-08,12.0,20.931787452751223
Landsat 7 ETM+,2004-04-12,5.0,99.15649008359095
Landsat 7 ETM+,2004-05-14,4.0,68.16512280837449
Landsat 7 ETM+,2004-05-30,3.0,96.12698355513388
Landsat 7 ETM+,2004-09-19,0.0,99.98769854264206
Landsat 7 ETM+,2004-10-05,1.0,99.92399903525468
Landsat 7 ETM+,2004-10-21,5.0,88.99154071725583
Landsat 7 ETM+,2004-11-06,19.0,69.99231681346495
Landsat 7 ETM+,2004-12-08,18.0,99.5625844828507
Landsat 7 ETM+,2005-02-26,40.0,16.9536540458906
Landsat 7 ETM+,2005-03-14,6.0,99.99355063821764
Landsat 7 ETM+,2005-04-15,25.0,99.02946656331157
Landsat 7 ETM+,2005-05-17,1.0,98.55586076902054
Landsat 7 ETM+,2005-06-18,2.0,99.8322149633189
Landsat 7 ETM+,2005-07-04,9.0,99.4418562419507
Landsat 7 ETM+,2005-10-24,0.0,99.92750440628296
Landsat 7 ETM+,2005-11-09,2.0,99.95551982014561
Landsat 7 ETM+,2006-03-01,4.0,97.30634270187016
Landsat 7 ETM+,2006-03-17,28.0,99.44643733026965
Landsat 7 ETM+,2006-05-20,1.0,98.8078277948488
Landsat 7 ETM+,2006-06-05,1.0,94.08140528964789
Landsat 7 ETM+,2006-07-07,3.0,99.99974956345719
Landsat 7 ETM+,2006-10-27,18.0,89.49273758378233
Landsat 7 ETM+,2006-11-12,34.0,94.34477670972957
Landsat 7 ETM+,2006-11-28,0.0,99.83008779098628
Landsat 7 ETM+,2006-12-14,12.0,99.71037489703104
Landsat 7 ETM+,2006-12-30,18.0,94.13396615826811
Landsat 7 ETM+,2007-01-15,2.0,99.72583951446495
Landsat 7 ETM+,2007-01-31,5.0,99.66670569412577
Landsat 7 ETM+,2007-05-07,6.0,93.68800693781478
Landsat 7 ETM+,2007-05-23,1.0,99.98101339818534
Landsat 7 ETM+,2007-08-27,0.0,99.99629482197447
Landsat 7 ETM+,2007-09-12,1.0,99.8192804720111
Landsat 7 ETM+,2007-09-28,0.0,99.99726085410728
Landsat 7 ETM+,2007-12-17,5.0,81.91766870495499
