dist_km,elev_m,land
0.0000,0.000,0
0.0200,0.011,0
0.0400,-0.120,0
0.0600,-0.208,0
0.0800,1.607,0
0.1000,2.524,0
0.1200,1.402,0
0.1400,1.079,0
0.1600,0.975,0
0.1800,0.816,0
0.2000,0.566,0
0.2200,0.331,0
0.2400,0.242,0
0.2600,0.231,0
0.2800,0.265,0
0.3000,0.297,0
0.3200,0.301,0
0.3400,0.286,0
0.3600,0.293,0
0.3800,0.345,0
0.4000,0.430,0
0.4200,0.417,0
0.4400,0.393,0
0.4600,0.392,0
0.4800,0.410,0
0.5000,0.412,0
0.5200,0.375,0
0.5400,0.337,0
0.5600,0.304,0
0.5800,0.279,0
0.6000,0.279,0
0.6200,0.287,0
0.6400,0.258,0
0.6600,0.287,0
0.6800,0.345,0
0.7000,0.286,0
0.7200,0.275,0
0.7400,0.326,0
0.7600,0.303,0
0.7800,0.267,0
0.8000,0.244,0
0.8200,0.300,0
0.8400,0.334,0
0.8600,0.281,0
0.8800,0.242,0
0.9000,0.256,0
0.9200,0.384,0
0.9400,0.372,0
0.9600,0.297,0
0.9800,0.308,0
1.0000,0.289,0
1.0200,0.265,0
1.0400,0.351,0
1.0600,0.384,0
1.0800,0.341,0
1.1000,0.269,0
1.1200,0.252,0
1.1400,0.316,0
1.1600,0.312,0
1.1800,0.275,0
1.2000,0.221,0
1.2200,0.225,0
1.2400,0.261,0
1.2600,0.312,0
1.2800,0.325,0
1.3000,0.325,0
1.3200,0.366,0
1.3400,0.362,0
1.3600,0.317,0
1.3800,0.253,0
1.4000,0.240,0
1.4200,0.270,0
1.4400,0.223,0
1.4600,0.228,0
1.4800,0.313,0
1.5000,0.333,0
1.5200,0.312,0
1.5400,0.255,0
1.5600,0.243,0
1.5800,0.272,0
1.6000,0.345,0
1.6200,0.388,0
1.6400,0.407,0
1.6600,0.413,0
1.6800,0.402,0
1.7000,0.378,0
1.7200,0.355,0
1.7400,0.328,0
1.7600,0.300,0
1.7800,0.283,0
1.8000,0.287,0
1.8200,0.310,0
1.8400,0.287,0
1.8600,0.285,0
1.8800,0.334,0
1.9000,0.317,0
1.9200,0.300,0
1.9400,0.337,0
1.9600,0.408,0
1.9800,0.475,0
2.0000,0.468,0
2.0200,0.582,0
2.0400,0.697,0
2.0600,0.451,0
2.0800,0.335,0
2.1000,0.386,0
2.1200,0.472,0
2.1400,0.449,0
2.1600,0.304,0
2.1800,0.359,0
2.2000,0.433,0
2.2200,0.449,0
2.2400,0.355,0
2.2600,0.280,0
2.2800,0.335,0
2.3000,0.285,0
2.3200,0.249,0
2.3400,0.410,0
2.3600,0.428,0
2.3800,0.364,0
2.4000,0.403,0
2.4200,0.356,0
2.4400,0.266,0
2.4600,0.439,0
2.4800,0.513,0
2.5000,0.420,0
2.5200,0.349,0
2.5400,0.316,0
2.5600,0.342,0
2.5800,0.436,0
2.6000,0.518,0
2.6200,0.526,0
2.6400,0.444,0
2.6600,0.348,0
2.6800,0.336,0
2.7000,0.354,0
2.7200,0.389,0
2.7400,0.418,0
2.7600,0.422,0
2.7800,0.392,0
2.8000,0.289,0
2.8200,0.276,0
2.8400,0.370,0
2.8600,0.394,0
2.8800,0.393,0
2.9000,0.376,0
2.9200,0.327,0
2.9400,0.288,0
2.9600,0.290,0
2.9800,0.318,0
3.0000,0.339,0
3.0200,0.314,0
3.0400,0.305,0
3.0600,0.314,0
3.0800,0.352,0
3.1000,0.332,0
3.1200,0.288,0
3.1400,0.372,0
3.1600,0.390,0
3.1800,0.321,0
3.2000,0.314,0
3.2200,0.300,0
3.2400,0.259,0
3.2600,0.258,0
3.2800,0.304,0
3.3000,0.406,0
3.3200,0.476,0
3.3400,0.535,0
3.3600,0.614,0
3.3800,0.528,0
3.4000,0.377,0
3.4200,0.327,0
3.4400,0.466,0
3.4600,0.658,0
3.4800,0.414,0
3.5000,0.269,0
3.5200,0.310,0
3.5400,0.408,0
3.5600,0.404,0
3.5800,0.256,0
3.6000,0.409,0
3.6200,0.570,0
3.6400,0.569,0
3.6600,0.638,0
3.6800,0.625,0
3.7000,0.351,0
3.7200,0.382,0
3.7400,0.513,0
3.7600,0.354,0
3.7800,0.345,0
3.8000,0.438,0
3.8200,0.381,0
3.8400,0.316,0
3.8600,0.275,0
3.8800,0.309,0
3.9000,0.357,0
3.9200,0.389,0
3.9400,0.288,0
3.9600,0.261,0
3.9800,0.424,0
4.0000,0.405,0
4.0200,0.313,0
4.0400,0.232,1
4.0600,0.273,1
4.0800,0.418,1
4.1000,0.646,1
4.1200,0.898,1
4.1400,1.085,1
4.1600,0.978,1
4.1800,0.836,1
4.2000,0.728,1
4.2200,0.774,1
4.2400,0.696,1
4.2600,0.431,1
4.2800,0.284,1
4.3000,0.253,1
4.3200,0.353,1
4.3400,0.452,1
4.3600,0.483,1
4.3800,0.368,1
4.4000,0.285,1
4.4200,0.238,1
4.4400,0.241,1
4.4600,0.232,1
4.4800,0.229,1
4.5000,0.309,1
4.5200,0.307,1
4.5400,0.226,1
4.5600,0.113,1
4.5800,0.418,1
4.6000,1.172,1
4.6200,1.377,1
4.6400,1.195,1
4.6600,0.680,1
4.6800,0.683,1
4.7000,0.722,1
4.7200,0.407,1
4.7400,0.279,1
4.7600,0.254,1
4.7800,0.222,1
4.8000,0.215,1
4.8200,0.235,1
4.8400,0.290,1
4.8600,0.306,1
4.8800,0.276,1
4.9000,0.203,1
4.9200,0.195,1
4.9400,0.261,1
4.9600,0.207,1
4.9800,0.175,1
5.0000,0.223,1
5.0200,0.212,1
5.0400,0.208,1
5.0600,0.257,1
5.0800,0.252,1
5.1000,0.217,1
5.1200,0.177,1
5.1400,0.172,1
5.1600,0.203,1
5.1800,0.282,1
5.2000,0.289,1
5.2200,0.238,1
5.2400,0.248,1
5.2600,0.267,1
5.2800,0.286,1
5.3000,0.285,1
5.3200,0.350,1
5.3400,0.510,1
5.3600,0.539,1
5.3800,0.483,1
5.4000,0.359,1
5.4200,0.295,1
5.4400,0.255,1
5.4600,0.191,1
5.4800,0.259,1
5.5000,0.328,1
5.5200,0.086,0
5.5400,-0.025,0
5.5600,0.000,0
5.5800,0.000,0
5.6000,0.000,0
5.6200,0.000,0
5.6400,0.000,0
5.6600,0.000,0
5.6800,0.000,0
5.7000,0.000,0
5.7200,0.000,0
5.7400,0.000,0
5.7600,0.000,0
5.7800,0.000,0
5.8000,0.000,0
5.8200,0.000,0
5.8400,0.000,0
5.8600,0.000,0
5.8800,0.000,0
5.9000,0.000,0
5.9200,0.000,0
5.9400,0.000,0
5.9600,0.000,0
5.9800,0.000,0
6.0000,0.000,0
6.0200,0.000,0
6.0400,0.000,0
6.0600,0.000,0
6.0800,0.000,0
6.1000,0.000,0
6.1200,0.000,0
6.1400,0.000,0
6.1600,0.000,0
6.1800,0.000,0
6.2000,0.000,0
6.2200,0.000,0
6.2400,0.000,0
6.2600,0.000,0
6.2800,0.000,0
6.3000,0.000,0
6.3200,0.000,0
6.3400,0.000,0
6.3600,0.000,0
6.3800,0.000,0
6.4000,0.000,0
6.4200,0.000,0
6.4400,0.000,0
6.4600,0.000,0
6.4800,0.000,0
6.5000,0.000,0
6.5200,0.000,0
6.5400,0.000,0
6.5600,0.000,0
6.5800,0.000,0
6.6000,0.000,0
6.6200,0.000,0
6.6400,0.000,0
6.6600,0.000,0
6.6800,0.000,0
6.7000,0.000,0
6.7200,0.000,0
6.7400,0.000,0
6.7600,0.000,0
6.7800,0.000,0
6.8000,0.000,0
6.8200,0.000,0
6.8400,0.000,0
6.8600,0.000,0
6.8800,0.000,0
6.9000,0.000,0
6.9200,0.000,0
6.9400,0.000,0
6.9600,0.000,0
6.9800,0.000,0
7.0000,0.000,0
7.0200,0.000,0
7.0400,0.000,0
7.0600,0.000,0
7.0800,0.000,0
7.1000,0.000,0
7.1200,0.000,0
7.1400,0.000,0
7.1600,0.000,0
7.1800,0.000,0
7.2000,0.000,0
7.2200,0.000,0
7.2400,0.000,0
7.2600,0.000,0
7.2800,0.000,0
7.3000,0.000,0
7.3200,0.000,0
7.3400,0.000,0
7.3600,0.000,0
7.3800,0.000,0
7.4000,0.000,0
7.4200,0.000,0
7.4400,0.000,0
7.4600,0.000,0
7.4800,0.000,0
7.5000,0.000,0
7.5200,0.000,0
7.5400,0.000,0
7.5600,0.000,0
7.5800,0.000,0
7.6000,0.000,0
7.6200,0.000,0
7.6400,0.000,0
7.6600,0.000,0
7.6800,0.000,0
7.7000,0.000,0
7.7200,0.000,0
7.7400,0.000,1
7.7600,0.000,1
7.7800,0.000,1
7.8000,0.000,1
7.8200,0.000,1
7.8400,0.000,1
7.8600,-0.011,1
7.8800,0.014,1
7.9000,0.145,1
7.9200,0.237,1
7.9400,0.273,1
7.9600,0.220,1
7.9800,0.214,1
8.0000,0.250,1
8.0200,0.240,1
8.0400,0.236,1
8.0600,0.244,1
8.0800,0.230,1
8.1000,0.227,1
8.1200,0.248,1
8.1400,0.239,1
8.1600,0.222,1
8.1800,0.209,1
8.2000,0.214,1
8.2200,0.223,1
8.2400,0.219,1
8.2600,0.192,1
8.2800,0.171,1
8.3000,0.212,1
8.3200,0.284,1
8.3400,0.346,1
8.3600,0.263,1
8.3800,0.216,1
8.4000,0.229,1
8.4200,0.203,1
8.4400,0.184,1
8.4600,0.186,1
8.4800,0.181,1
8.5000,0.260,1
8.5200,0.488,1
8.5400,0.562,1
8.5600,0.580,1
8.5800,0.641,1
8.6000,0.705,1
8.6200,0.747,1
8.6400,0.712,1
8.6600,0.696,1
8.6800,0.698,1
8.7000,0.685,1
8.7200,0.705,1
8.7400,0.738,1
8.7600,0.589,1
8.7800,0.528,1
8.8000,0.650,1
8.8200,0.911,1
8.8400,1.014,1
8.8600,0.760,1
8.8800,0.479,1
8.9000,0.265,1
8.9200,0.237,1
8.9400,0.281,1
8.9600,0.337,1
8.9800,0.305,1
9.0000,0.286,1
9.0200,0.278,1
9.0400,0.239,1
9.0600,0.242,1
9.0800,0.296,1
9.1000,0.384,1
9.1200,0.481,1
9.1400,0.568,1
9.1600,0.607,1
9.1800,0.520,1
9.2000,0.259,1
9.2200,0.264,1
9.2400,0.332,1
9.2600,0.281,1
9.2800,0.360,1
9.3000,0.437,1
9.3200,0.265,1
9.3400,0.255,1
9.3600,0.357,1
9.3800,0.356,1
9.4000,0.299,1
9.4200,0.227,1
9.4400,0.328,1
9.4600,0.391,1
9.4800,0.353,1
9.5000,0.236,1
9.5200,0.199,1
9.5400,0.330,1
9.5600,0.277,1
9.5800,0.224,1
9.6000,0.331,1
9.6200,0.324,1
9.6400,0.270,1
9.6600,0.275,1
9.6800,0.283,1
9.7000,0.291,1
9.7200,0.309,1
9.7400,0.280,1
9.7600,0.223,1
9.7800,0.244,1
9.8000,0.312,1
9.8200,0.409,1
9.8400,0.424,1
9.8600,0.427,1
9.8800,0.449,1
9.9000,0.474,1
9.9200,0.462,1
9.9400,0.373,1
9.9600,0.353,1
9.9800,0.356,1
10.0000,0.310,1
10.0200,0.300,1
10.0400,0.317,1
10.0600,0.332,1
10.0800,0.318,1
10.1000,0.294,1
10.1200,0.342,1
10.1400,0.380,1
10.1600,0.407,1
10.1800,0.560,1
10.2000,0.845,1
10.2200,1.266,1
10.2400,1.689,1
10.2600,1.862,1
10.2800,1.552,1
10.3000,1.212,1
10.3200,0.891,1
10.3400,0.660,1
10.3600,0.534,1
10.3800,0.511,1
10.4000,0.621,1
10.4200,0.566,1
10.4400,0.390,1
10.4600,0.428,1
10.4800,0.451,1
10.5000,0.418,1
10.5200,0.439,1
10.5400,0.392,1
10.5600,0.243,1
10.5800,0.371,1
10.6000,0.464,1
10.6200,0.297,1
10.6400,0.261,1
10.6600,0.282,1
10.6800,0.273,1
10.7000,0.354,1
10.7200,0.473,1
10.7400,0.515,1
10.7600,0.596,1
10.7800,0.672,1
10.8000,0.543,1
10.8200,0.418,1
10.8400,0.357,1
10.8600,0.393,1
10.8800,0.495,1
10.9000,0.649,1
10.9200,0.812,1
10.9400,0.915,1
10.9600,0.902,1
10.9800,0.912,1
11.0000,0.970,1
11.0200,1.116,1
11.0400,1.207,1
11.0600,1.264,1
11.0800,1.335,1
11.1000,1.457,1
11.1200,1.539,1
11.1400,1.210,1
11.1600,1.170,1
11.1800,1.455,1
11.2000,1.328,1
11.2200,1.252,1
11.2400,1.368,1
11.2600,1.436,1
11.2800,1.466,1
11.3000,1.454,1
11.3200,1.496,1
11.3400,1.536,1
11.3600,1.507,1
11.3800,1.636,1
11.4000,1.795,1
11.4200,1.740,1
11.4400,1.678,1
11.4600,1.632,1
11.4800,1.594,1
11.5000,1.666,1
11.5200,1.806,1
11.5400,1.645,1
11.5600,1.580,1
11.5800,1.724,1
11.6000,1.786,1
11.6200,1.755,1
11.6400,1.607,1
11.6600,1.556,1
11.6800,1.608,1
11.7000,1.788,1
11.7200,1.957,1
11.7400,2.135,1
11.7600,2.373,1
11.7800,2.500,1
11.8000,2.532,1
11.8200,2.534,1
11.8400,2.610,1
11.8600,2.743,1
11.8800,2.720,1
11.9000,2.742,1
11.9200,2.853,1
11.9400,2.839,1
11.9600,2.908,1
11.9800,3.162,1
12.0000,2.993,1
12.0200,2.732,1
12.0400,2.665,1
12.0600,2.669,1
12.0800,2.753,1
12.1000,2.947,1
12.1200,3.109,1
12.1400,3.315,1
12.1600,3.852,1
12.1800,4.123,1
12.2000,4.069,1
12.2200,3.905,1
12.2400,3.601,1
12.2600,3.211,1
12.2800,3.167,1
12.3000,3.183,1
12.3200,3.135,1
12.3400,3.340,1
12.3600,3.847,1
12.3800,4.775,1
12.4000,4.594,1
12.4200,4.050,1
12.4400,4.251,1
12.4600,4.096,1
12.4800,3.735,1
12.5000,3.644,1
12.5200,3.810,1
12.5400,4.137,1
12.5600,4.183,1
12.5800,4.266,1
12.6000,4.460,1
12.6200,4.760,1
12.6400,4.895,1
12.6600,4.727,1
12.6800,4.470,1
12.7000,4.237,1
12.7200,4.139,1
12.7400,4.032,1
12.7600,3.955,1
12.7800,3.955,1
12.8000,4.045,1
12.8200,4.147,1
12.8400,4.065,1
12.8600,4.069,1
12.8800,4.176,1
12.9000,4.309,1
12.9200,4.432,1
12.9400,4.565,1
12.9600,4.939,1
12.9800,5.389,1
13.0000,5.811,1
13.0200,5.481,1
13.0400,5.110,1
13.0600,5.233,1
13.0800,5.519,1
13.1000,5.804,1
13.1200,5.854,1
13.1400,6.029,1
13.1600,6.249,1
13.1800,6.359,1
13.2000,6.118,1
13.2200,5.627,1
13.2400,5.302,1
13.2600,5.300,1
13.2800,5.602,1
13.3000,5.666,1
13.3200,5.779,1
13.3400,6.026,1
13.3600,6.053,1
13.3800,6.044,1
13.4000,6.115,1
13.4200,6.102,1
13.4400,6.120,1
13.4600,6.323,1
13.4800,6.346,1
13.5000,6.320,1
13.5200,6.514,1
13.5400,6.879,1
13.5600,7.245,1
13.5800,6.990,1
13.6000,7.036,1
13.6200,7.499,1
13.6400,7.821,1
13.6600,7.882,1
13.6800,7.657,1
13.7000,8.184,1
13.7200,8.263,1
13.7400,7.097,1
13.7600,6.494,1
13.7800,6.248,1
13.8000,6.225,1
13.8200,6.206,1
13.8400,6.243,1
13.8600,6.440,1
13.8800,6.828,1
13.9000,7.192,1
13.9200,6.763,1
13.9400,6.747,1
13.9600,7.212,1
13.9800,7.098,1
14.0000,6.903,1
14.0200,6.777,1
14.0400,6.687,1
14.0600,6.575,1
14.0800,6.402,1
14.1000,6.461,1
14.1200,6.830,1
14.1400,7.654,1
14.1600,8.147,1
14.1800,8.384,1
14.2000,8.497,1
14.2200,8.555,1
14.2400,8.574,1
14.2600,8.531,1
14.2800,8.672,1
14.3000,8.972,1
14.3200,9.052,1
14.3400,8.992,1
14.3600,8.834,1
14.3800,8.897,1
14.4000,9.023,1
14.4200,9.129,1
14.4400,8.936,1
14.4600,8.746,1
14.4800,8.840,1
14.5000,9.245,1
14.5200,9.803,1
14.5400,10.303,1
14.5600,10.553,1
14.5800,10.502,1
14.6000,10.027,1
14.6200,9.540,1
14.6400,9.163,1
14.6600,9.081,1
14.6800,9.045,1
14.7000,8.999,1
14.7200,9.139,1
14.7400,9.384,1
14.7600,9.692,1
14.7800,9.756,1
14.8000,9.882,1
14.8200,10.364,1
14.8400,10.361,1
14.8600,10.214,1
14.8800,10.443,1
14.9000,10.613,1
14.9200,10.734,1
14.9400,10.933,1
14.9600,10.907,1
14.9800,10.657,1
15.0000,10.359,1
15.0200,10.221,1
15.0400,10.294,1
15.0600,10.287,1
15.0800,10.470,1
15.1000,10.940,1
15.1200,10.705,1
15.1400,10.341,1
15.1600,10.290,1
15.1800,10.420,1
15.2000,10.818,1
15.2200,11.738,1
15.2400,11.756,1
15.2600,11.105,1
15.2800,10.368,1
15.3000,10.312,1
15.3200,10.810,1
15.3400,10.785,1
15.3600,10.832,1
15.3800,11.043,1
15.4000,11.153,1
15.4200,10.878,1
15.4400,10.099,1
15.4600,9.935,1
15.4800,9.935,1
15.5000,9.799,1
15.5200,9.623,1
15.5400,9.511,1
15.5600,9.630,1
15.5800,9.579,1
15.6000,9.458,1
15.6200,9.495,1
15.6400,9.839,1
15.6600,10.298,1
15.6800,10.126,1
15.7000,9.722,1
15.7200,8.894,1
15.7400,5.284,1
15.7600,2.869,1
15.7800,3.407,1
15.8000,5.450,1
15.8200,7.664,1
15.8400,8.923,1
15.8600,9.382,1
15.8800,9.409,1
15.9000,9.419,1
15.9200,9.569,1
15.9400,9.908,1
15.9600,10.575,1
15.9800,10.957,1
16.0000,11.180,1
16.0200,11.985,1
16.0400,12.708,1
16.0600,13.146,1
16.0800,13.033,1
16.1000,12.528,1
16.1200,11.748,1
16.1400,11.562,1
16.1600,11.509,1
16.1800,11.310,1
16.2000,11.148,1
16.2200,10.934,1
16.2400,10.555,1
16.2600,10.223,1
16.2800,9.909,1
16.3000,9.530,1
16.3200,9.263,1
16.3400,9.170,1
16.3600,9.328,1
16.3800,9.912,1
16.4000,10.852,1
16.4200,11.667,1
16.4400,11.828,1
16.4600,11.152,1
16.4800,10.603,1
16.5000,10.273,1
16.5200,10.292,1
16.5400,10.183,1
16.5600,9.980,1
16.5800,9.678,1
16.6000,9.675,1
16.6200,9.824,1
16.6400,9.859,1
16.6600,9.917,1
16.6793,9.980,1
